id,PM2.5
id_0,2.428521789894191
id_1,2.0766965261483534
id_2,2.2833877177062973
id_3,2.154352135273399
id_4,2.7794593187282572
id_5,2.6331288737079674
id_6,1.6041236056363708
id_7,1.4963561726821268
id_8,2.5213657028109147
id_9,3.5096468986345783
id_10,2.8578742440293254
id_11,3.2779809600886622
id_12,2.0004520860352457
id_13,1.6600176338861132
id_14,1.5770988709912501
id_15,3.3127546911466936
id_16,1.7459325103942547
id_17,1.6591513256724966
id_18,4.763847248550313
id_19,2.7318692013189683
id_20,3.165284929940775
id_21,2.099269110245011
id_22,3.5287837291899393
id_23,3.1182868274096904
id_24,2.216281033756861
id_25,5.076097875829824
id_26,2.3777915104920844
id_27,2.003728160599909
id_28,2.2490990937730757
id_29,2.8372218403634974
id_30,1.990619078780803
id_31,3.3514393090156247
id_32,3.376192333673295
id_33,2.139632597229589
id_34,1.4231938077137478
id_35,2.436159951330005
id_36,2.009012016449347
id_37,1.327344883403839
id_38,1.543569587610616
id_39,2.9392485351481525
id_40,2.4680654594125038
id_41,2.4791095719440825
id_42,4.8205074706201465
id_43,2.978842039485123
id_44,2.911065345202516
id_45,2.502224867757377
id_46,2.662680227087307
id_47,3.655586030587884
id_48,4.32345849516004
id_49,3.6339549472761874
id_50,2.3557794710706794
id_51,1.576476913097359
id_52,1.988486930194
id_53,2.462365314090764
id_54,3.253986149449773
id_55,2.8847207806767514
id_56,2.1853983489070536
id_57,1.5567758234468343
id_58,2.0558040984930486
id_59,3.0989182086744336
id_60,3.1419002648264076
id_61,1.3237635870727225
id_62,2.3992698047988483
id_63,2.231115876200775
id_64,1.6263254908219622
id_65,1.4283304032041038
id_66,3.9347715162759833
id_67,1.9379823105336271
id_68,2.907608992980471
id_69,1.8266461590108065
id_70,2.4809549246584623
id_71,4.765957092656745
id_72,2.4141342239846644
id_73,1.9111160096284436
id_74,3.368532771102984
id_75,2.51072344498791
id_76,1.6456541105838447
id_77,2.244542013251664
id_78,5.8511240003067755
id_79,2.434080516959753
id_80,2.367276653919429
id_81,1.8939634589408207
id_82,2.7169847768707385
id_83,2.248677349288684
id_84,2.9011968466103966
id_85,1.9477028896701398
id_86,3.7903611072501207
id_87,2.1907477841302807
id_88,1.6413849998647194
id_89,1.5431652211773574
id_90,2.9722968034818322
id_91,3.4661878103537553
id_92,2.94753525001693
id_93,3.845206099832396
id_94,1.4424403899584384
id_95,3.212286939950939
id_96,2.9319323804730253
id_97,2.644569158870013
id_98,1.6914118687432804
id_99,1.587769552096347
id_100,1.4754946586249247
id_101,1.749961933957895
id_102,1.8064182276567493
id_103,3.3822936691551533
id_104,2.1286114914622303
id_105,2.539779494468707
id_106,1.3283617598675619
id_107,2.1840426768251326
id_108,2.7250958711401125
id_109,2.625008136954115
id_110,2.7243219233869596
id_111,3.163377329789057
id_112,5.464077691522824
id_113,2.6352515175489444
id_114,2.43598432930073
id_115,3.601331015790212
id_116,2.095471318764197
id_117,2.621485524237926
id_118,3.6368970239829927
id_119,4.688757897325161
id_120,2.584596423973416
id_121,2.555762382564584
id_122,2.1466192388890484
id_123,3.6161298001776565
id_124,2.3290005292442473
id_125,3.2877920985083406
id_126,1.4324577005390893
id_127,3.429667391355302
id_128,1.6181881741931647
id_129,2.373332808378244
id_130,3.213204090724787
id_131,2.7002623781556494
id_132,1.7901460443447874
id_133,3.165274345980457
id_134,2.2248231516478327
id_135,1.6710851343677895
id_136,2.983007457677843
id_137,1.9915557347385366
id_138,1.9904327552614838
id_139,2.7016480868678556
id_140,2.199873248092267
id_141,1.2707366117045495
id_142,2.626603498311944
id_143,2.385453994462903
id_144,3.541047451419246
id_145,2.4668125611292666
id_146,2.017484610570058
id_147,2.932693288760632
id_148,2.5450722149651277
id_149,2.5980756786952064
id_150,2.983103304584464
id_151,3.4972032043895496
id_152,1.705407219458536
id_153,4.462228180521212
id_154,2.152012621629634
id_155,2.817959976543733
id_156,3.5665149720991494
id_157,2.3926027658276787
id_158,1.2786407305622731
id_159,2.101226438365277
id_160,2.1213703741495564
id_161,3.403285999969274
id_162,2.5512395783575244
id_163,4.13963719707975
id_164,2.2678491475968805
id_165,2.0439917643053
id_166,3.5154716506877506
id_167,1.2828704253764904
id_168,2.219417524944486
id_169,2.0730212689896454
id_170,1.9374578456069926
id_171,2.1833497471724606
id_172,2.388751664450737
id_173,3.1554523619473116
id_174,2.6126646077010633
id_175,3.468365575907825
id_176,1.6721838656035857
id_177,4.469072887433104
id_178,3.2740945737213885
id_179,3.7178587572357387
id_180,2.0951230077995184
id_181,2.104708474863834
id_182,2.2689172190710813
id_183,2.1587396732998982
id_184,2.08875362534058
id_185,3.2634955977068216
id_186,3.048182860192263
id_187,2.673903072260341
id_188,2.6233242656306572
id_189,4.568537488087969
id_190,2.9230077508624674
id_191,1.846080709498775
id_192,1.439401169775266
id_193,2.9516738106996776
id_194,2.2546475220920073
id_195,1.5016326685381358
id_196,2.1415032829195866
id_197,3.152451589872271
id_198,1.7381148897203111
id_199,1.519925341334428
id_200,3.0241295464206956
id_201,1.2790674608021995
id_202,1.5826776265021962
id_203,2.6167985271154777
id_204,1.3066983057569495
id_205,1.6873679112970876
id_206,2.4967569634378677
id_207,1.485564230317891
id_208,2.280719518976184
id_209,1.9300911244467898
id_210,3.8200622054778712
id_211,3.1764992049814573
id_212,1.8879078207369204
id_213,2.881114418117818
id_214,3.581414163072374
id_215,2.5288413043778384
id_216,2.6024863388203983
id_217,5.157814970715272
id_218,3.3261610001345687
id_219,2.190777050767899
id_220,1.7981454895598041
id_221,2.5222941284784675
id_222,2.8429235923931984
id_223,2.302819426627689
id_224,2.649668110586859
id_225,1.3808424262625678
id_226,2.9354611004000866
id_227,1.9039511139961114
id_228,3.6038892571756946
id_229,1.722016393135
id_230,5.575056992976698
id_231,4.3766188163093105
id_232,3.501161915229247
id_233,3.150134201364338
id_234,1.6660855335910796
id_235,1.7667625627776005
id_236,3.431712097365846
id_237,3.4460466157588314
id_238,1.8152492692545046
id_239,1.9505602646358824
id_240,2.07598618460667
id_241,1.2504105438260495
id_242,1.7192601117403825
id_243,2.262623586012225
id_244,2.0390546527738636
id_245,2.338345121124135
id_246,4.8642016429223105
id_247,2.2836012259924985
id_248,3.8586748806707796
id_249,2.670359675964974
id_250,2.122622507325758
id_251,2.493661292234833
id_252,2.846151503433628
id_253,3.072779427628511
id_254,2.324085057036875
id_255,2.7678728455089825
id_256,1.9265300762033384
id_257,2.564402220298092
id_258,2.4922908705684037
id_259,1.3687645373260011
id_260,2.7133160011966346
id_261,2.290491259742801
id_262,2.913442402388
id_263,3.171734846648974
id_264,2.1055658528896046
id_265,2.6255019134939452
id_266,4.868433922923302
id_267,2.885314248068564
id_268,1.8620631807022505
id_269,1.7489726650037234
id_270,3.874489459801069
id_271,2.328308899637662
id_272,2.4884907674073133
id_273,2.1795626792748273
id_274,1.714059188070003
id_275,4.3894889374047
id_276,2.3470361979968715
id_277,2.776503288530744
id_278,3.2766452565655015
id_279,2.0705175006843533
id_280,4.5646491503773845
id_281,1.713952326838001
id_282,2.1368262161291582
id_283,2.3504228468039052
id_284,2.3204467991140234
id_285,2.1330708367360103
id_286,2.1744320626554057
id_287,1.7621201196096017
id_288,1.7473361025123992
id_289,1.7620023990293205
id_290,2.140836409784054
id_291,3.4601397021529365
id_292,1.7760914007412936
id_293,2.722605261431678
id_294,2.3974821269268674
id_295,3.3698842021186444
id_296,1.66254726994757
id_297,2.6023687009891248
id_298,4.8578855504929415
id_299,2.0062289631641086
id_300,1.6315485994009933
id_301,5.148818079974234
id_302,1.4992276083956106
id_303,4.056971668286149
id_304,4.3610307841093885
id_305,1.804918174194846
id_306,2.478040550845815
id_307,1.9420023796989554
id_308,4.3915916560512755
id_309,2.109881579879147
id_310,2.3610819995303487
id_311,3.389539913752074
id_312,3.8097872295207083
id_313,2.1031278038296506
id_314,1.9746789181845656
id_315,4.578867672876218
id_316,1.808496283849344
id_317,1.9446926580435075
id_318,1.9274259824661009
id_319,2.893060619157559
id_320,3.304719128352737
id_321,2.853489313541477
id_322,1.879141555209877
id_323,1.9941949553598306
id_324,2.7491560678261138
id_325,1.920074013724303
id_326,1.4037109646331274
id_327,2.6138398766068676
id_328,4.642915824484433
id_329,1.8008839311113292
id_330,2.303944793076006
id_331,1.9465853129300825
id_332,2.4078018459340527
id_333,2.2109261475733675
id_334,2.421178636796469
id_335,1.3138855926119888
id_336,2.9453066928492007
id_337,1.3806042845404853
id_338,2.0696566190595753
id_339,1.2239242647143769
id_340,2.221407235770762
id_341,1.2409660832400533
id_342,2.978805315590243
id_343,1.9268177242235929
id_344,1.3393097691991898
id_345,3.592405028845313
id_346,4.176542979607806
id_347,1.9900338650764837
id_348,3.7967083165243345
id_349,2.1315391156789296
id_350,5.227293318285891
id_351,2.093147971758917
id_352,2.234869034454377
id_353,3.1664650789905764
id_354,4.236017782341342
id_355,3.117814980638073
id_356,4.2528420866659715
id_357,3.029868056723661
id_358,3.9688266447362572
id_359,2.746162357591885
id_360,2.7604897105144452
id_361,6.482480177826439
id_362,2.5603381786342005
id_363,2.308049294829498
id_364,4.115463353752226
id_365,5.737658453841981
id_366,3.3790360980069174
id_367,2.4271135906898422
id_368,1.7941822712132947
id_369,2.2128013905064563
id_370,3.1784714377690264
id_371,1.535145882919629
id_372,1.5812750164370897
id_373,4.684694916352267
id_374,1.9364141630648746
id_375,4.447930691472955
id_376,4.744557233972884
id_377,2.9365069005607296
id_378,4.258657367301456
id_379,4.366530697777733
id_380,2.3771931899521803
id_381,3.5199057731357897
id_382,2.164333756623961
id_383,2.320692485037675
id_384,3.1197712803552946
id_385,1.2559467485202873
id_386,3.050149657005079
id_387,2.9135467398811024
id_388,2.183014164957811
id_389,2.536585804743609
id_390,5.263348071562511
id_391,3.073362124156077
id_392,3.759040858539848
id_393,1.389624193938701
id_394,1.4995639613811775
id_395,1.2872492732987801
id_396,4.339960290026731
id_397,4.107695214096889
id_398,2.398269656269754
id_399,2.015598741018735
id_400,2.8205184826527088
id_401,1.4160472460238793
id_402,4.1080798119387865
id_403,4.041393646579024
id_404,2.578960703092566
id_405,2.4311349774691635
id_406,2.323428240282059
id_407,2.4702043254091706
id_408,3.243870714314152
id_409,2.1466509120998225
id_410,3.456279306529666
id_411,2.1111223304416527
id_412,1.5493559011374458
id_413,1.8368830827976552
id_414,1.9292111266465035
id_415,3.2000696881448825
id_416,1.8143985428636356
id_417,1.942426542851173
id_418,2.605275624236416
id_419,1.6332913703034322
id_420,3.692441212401029
id_421,1.251120094798452
id_422,2.457887701496226
id_423,3.4186358188852033
id_424,1.4012376015793855
id_425,2.645678973384129
id_426,1.5194531483962734
id_427,2.349171563289552
id_428,2.7963112168804223
id_429,3.301288675277778
id_430,3.49324604948972
id_431,1.999375850707736
id_432,1.9408918774677275
id_433,1.689389092908975
id_434,2.0650167012962655
id_435,2.499570001404841
id_436,3.9713966853182185
id_437,2.3272112231838733
id_438,3.2046743207535044
id_439,1.5729361828210031
id_440,2.8486918357135735
id_441,2.8416928504797667
id_442,1.5288200189212944
id_443,3.882138178488635
id_444,1.6276849737226406
id_445,2.662455303903492
id_446,2.4225194371098624
id_447,1.4556240689962259
id_448,1.7983849317189922
id_449,1.0654673081170927
id_450,1.5802973420126136
id_451,2.030511384261551
id_452,2.3685182315116506
id_453,1.3760656943127927
id_454,1.7960801386370946
id_455,3.4785219002257364
id_456,1.6373710979560698
id_457,2.476244793989366
id_458,2.4094505077151
id_459,3.7259184240745604
id_460,3.3856685830987985
id_461,4.159293177482812
id_462,2.5675824740821085
id_463,2.1360760948378648
id_464,2.998864395607548
id_465,1.6799589623777784
id_466,3.6446727866859874
id_467,2.235678721188787
id_468,1.485861516053241
id_469,1.9283997493339768
id_470,2.384846871537114
id_471,2.008191370217304
id_472,3.4848210377494837
id_473,2.8994742775500555
id_474,1.9833241395856973
id_475,2.1488750588334327
id_476,1.860990318266662
id_477,2.3339371475480846
id_478,2.7877023391795888
id_479,1.2531379569987635
id_480,2.5340490498366712
id_481,2.766807777099846
id_482,2.42744697186534
id_483,4.660105127342764
id_484,2.356869853489613
id_485,2.608130431354944
id_486,4.219272144846951
id_487,4.367122837497504
id_488,1.7037751161106058
id_489,2.703601770287939
id_490,3.58035883560051
id_491,5.639814608845025
id_492,2.1204807541798836
id_493,1.5028437978671398
id_494,2.349760699999621
id_495,2.8019680971017458
id_496,2.0720312116993576
id_497,3.03886545982202
id_498,3.582639266529604
id_499,2.7952456200215003
id_500,2.8669554014590197
id_501,2.69844047528602
id_502,2.0778919850421573
id_503,1.3998952072746995
id_504,3.2667848520038305
id_505,1.6619110715521828
id_506,2.134028239782996
id_507,1.9769927653553907
id_508,1.5471946036679896
id_509,2.3431318341502347
id_510,2.5724939835665595
id_511,3.0045419902667447
id_512,1.4997343370258207
id_513,1.6509958158220428
id_514,2.3145207817877953
id_515,2.042602342800187
id_516,1.851759529815638
id_517,1.7259855429411814
id_518,3.703676532921964
id_519,3.021221502252846
id_520,2.8604492930005136
id_521,2.465800943093889
id_522,1.3374893568453459
id_523,1.4900433202742143
id_524,2.4838711514745455
id_525,1.6534319120861838
id_526,2.71473309120978
id_527,2.366461461396476
id_528,1.908978075070884
id_529,2.3112166623098673
id_530,3.0172353855475826
id_531,2.4133237743073828
id_532,1.4084234486174019
id_533,3.4656806927493946
id_534,2.956544500841357
id_535,2.4321908054945993
id_536,1.6544993556883512
id_537,2.1723184271325664
id_538,2.399586394295941
id_539,1.961949464604288
id_540,3.125650874562382
id_541,1.8375417764403181
id_542,1.7400614583147131
id_543,2.5435407332575792
id_544,2.0404679202316984
id_545,2.3848603040751115
id_546,2.455851647365723
id_547,2.806805144021798
id_548,1.683036968285144
id_549,1.751949039165229
id_550,2.135004868126977
id_551,1.6570570189123401
id_552,2.5372984284916456
id_553,3.6771761754778396
id_554,2.1990104989500523
id_555,2.4435773435259094
id_556,1.7922983096631953
id_557,3.787661444726048
id_558,2.21955577241841
id_559,2.4901934876077974
id_560,3.177094678900964
id_561,1.4283672010569006
id_562,3.1076848247852844
id_563,2.0222714429489166
id_564,4.454490690231463
id_565,2.106183773870228
id_566,3.1033927409797677
id_567,1.600441060926336
id_568,2.9080343269545565
id_569,1.779615296261266
id_570,3.3844586942751214
id_571,1.6555822350970928
id_572,2.346782800746311
id_573,1.649701622400137
id_574,2.392470758041245
id_575,1.9856600338047201
id_576,1.9884194910124933
id_577,2.0341703119353554
id_578,3.130365406462005
id_579,1.6657335848050252
id_580,1.9622073106354918
id_581,3.8843907722960545
id_582,1.2541665851180426
id_583,2.0663796011708406
id_584,3.711724656822547
id_585,2.1076415226067944
id_586,1.4067383557435456
id_587,1.2957041744748423
id_588,3.1846711804902377
id_589,1.4632042062159698
id_590,2.7035204112549707
id_591,1.5951236784902143
id_592,2.64548841613459
id_593,2.1939502924638177
id_594,1.9749690307339591
id_595,4.197474569992302
id_596,2.3245337636225685
id_597,1.7634232588915353
id_598,2.0002129393630455
id_599,2.5162296806270987
id_600,4.170600114207886
id_601,2.3462029545905168
id_602,2.546835853885934
id_603,1.5731081315098017
id_604,1.7651873771418636
id_605,2.082151748421836
id_606,2.6679886832111634
id_607,2.097643008286017
id_608,2.740691218660025
id_609,1.3012080149857255
id_610,3.6566174899470667
id_611,3.1607142319892887
id_612,3.102727544155293
id_613,3.426497846967983
id_614,1.7142798875342535
id_615,2.256752122906107
id_616,3.7749274876301158
id_617,3.1949980989653533
id_618,2.7451955140827806
id_619,1.8932018819123009
id_620,4.928299001652299
id_621,2.275927722336011
id_622,1.2827250479349779
id_623,2.015011715365656
id_624,3.4149209727330216
id_625,4.830894655116499
id_626,5.62233386296451
id_627,3.0401987542008833
id_628,1.9739700732116958
id_629,1.7409726084004653
id_630,2.0014177313616273
id_631,1.4880205356936855
id_632,1.9275374419624747
id_633,2.764674137752948
id_634,2.124921487505951
id_635,2.128699258984824
id_636,2.5901165556364276
id_637,2.4975571538050723
id_638,2.4747854468191335
id_639,4.962765090644002
id_640,5.221611252732373
id_641,4.483973377528635
id_642,2.860459321247099
id_643,3.1352207860826766
id_644,3.61213723617729
id_645,1.91253540038198
id_646,2.1028789509139436
id_647,3.174940567941654
id_648,4.94687104392391
id_649,2.794464100463351
id_650,2.1586328414436196
id_651,3.9531370042886422
id_652,2.758527554337739
id_653,1.5816775668258245
id_654,3.2651662630504568
id_655,3.318047088548205
id_656,1.6570536717169944
id_657,1.8584585108590588
id_658,1.891513638933425
id_659,1.7457254019659167
id_660,1.6989212740668194
id_661,4.480594097934578
id_662,2.1028136080257624
id_663,1.4341528445497254
id_664,2.5316967996040773
id_665,2.126484230624669
id_666,2.5072612797948253
id_667,1.396741380729452
id_668,3.8462441531405993
id_669,2.3932003153420958
id_670,1.620333302965463
id_671,2.560951246401622
id_672,2.1257102414187585
id_673,3.5281950169931093
id_674,3.774935797725746
id_675,1.8635569286947842
id_676,1.406709332341972
id_677,3.2440416327453114
id_678,1.9123904272122232
id_679,2.546518288216383
id_680,3.2042364227815057
id_681,1.8775711189043172
id_682,2.0245727068184607
id_683,2.2840563344253724
id_684,2.140233353507327
id_685,3.430096887778916
id_686,2.1431656041707114
id_687,2.666952943371143
id_688,2.4190911868779708
id_689,3.5195299770572284
id_690,2.1806773957848087
id_691,2.2525103933983885
id_692,1.9996982355726978
id_693,3.8495307748629273
id_694,2.4640250012682827
id_695,3.1728328537368355
id_696,2.157571525380991
id_697,4.841472524018304
id_698,1.1161600756044479
id_699,2.610796447930362
id_700,1.9205957380257743
id_701,1.5140288397664285
id_702,1.704001357343195
id_703,1.9617134079098868
id_704,2.1290509265249717
id_705,1.5375169468076813
id_706,3.900544023913504
id_707,3.782234833909193
id_708,1.879082479292805
id_709,3.4921619292059383
id_710,1.480471487889794
id_711,2.8099495572560507
id_712,1.8438577959129674
id_713,2.5704946568498173
id_714,4.776455233378897
id_715,2.9354104054763575
id_716,3.758113995820647
id_717,2.657565912280333
id_718,1.5150035408443507
id_719,3.0892196526609297
id_720,2.5396952508750843
id_721,1.3211406117415763
id_722,1.5462744292719108
id_723,1.8756111034213276
id_724,4.33263954760892
id_725,3.9120720076191233
id_726,4.319410532677978
id_727,5.563323038603503
id_728,3.7536450523867906
id_729,1.3799468170427147
id_730,4.3389567522448615
id_731,4.423954177073515
id_732,2.1756688551649788
id_733,2.585804711513667
id_734,3.55117481101162
id_735,1.6793270995071055
id_736,2.1627608098205187
id_737,3.4987555384514266
id_738,3.106162884063675
id_739,2.1273874526977465
id_740,1.9883314872923492
id_741,2.309533623038238
id_742,2.6302726469912727
id_743,2.1190356793515583
id_744,2.0400536234505466
id_745,2.669980077020213
id_746,1.3572638938984447
id_747,2.322169857957668
id_748,2.2048623908920746
id_749,2.8246496755566284
id_750,2.3158010324206764
id_751,1.5971824181854188
id_752,4.813614387876807
id_753,3.300804184381878
id_754,2.9033748942254576
id_755,3.0308259587359245
id_756,1.7220628306318595
id_757,2.184105045575947
id_758,1.8134954260172513
id_759,1.946617257733255
id_760,2.986013385048711
id_761,4.152820566725108
id_762,1.6456022767335305
id_763,1.340113938559778
id_764,1.9101861267409177
id_765,2.991324929032835
id_766,1.446508217304757
id_767,1.80740647976085
id_768,2.5695186288135474
id_769,2.860193201624437
id_770,2.301849253915556
id_771,2.5104398394348593
id_772,4.501318017315949
id_773,2.2005732289101303
id_774,2.23828718266061
id_775,3.887170791727957
id_776,2.133091546326149
id_777,2.2826881152218874
id_778,1.4443242989280165
id_779,3.0095198956549076
id_780,1.4684387711297333
id_781,2.634109116643412
id_782,1.5503949530523968
id_783,2.2208650681770017
id_784,1.3901415951884353
id_785,2.488905500074754
id_786,2.914809567155771
id_787,1.486590925984082
id_788,2.627586452157061
id_789,1.777777871878076
id_790,1.7136618215592847
id_791,1.1806228222676083
id_792,1.7158540524822712
id_793,2.6292799436118948
id_794,2.485027658939707
id_795,2.3018756680563897
id_796,2.196976178916742
id_797,2.899805979883528
id_798,2.993950049007342
id_799,3.1218752634825577
id_800,2.526600954788222
id_801,1.3843878278388075
id_802,2.846362399066507
id_803,3.0108695769354803
id_804,2.5905471241198086
id_805,1.9407161214942512
id_806,3.3067401602769344
id_807,4.027416943390115
id_808,4.352846230973121
id_809,3.2979544658603572
id_810,1.3522494170135033
id_811,2.9494861405200474
id_812,3.042112034334231
id_813,1.529759648814256
id_814,4.783554252104654
id_815,2.087297182531607
id_816,2.680003352147459
id_817,1.9425916863780408
id_818,1.5305033882102848
id_819,1.974333934763692
id_820,1.9381868928427508
id_821,2.0552589494862588
id_822,1.8827372398184536
id_823,3.277930945775772
id_824,1.6504612329837016
id_825,1.2422655870468589
id_826,1.9453867701252427
id_827,1.702401453801187
id_828,2.6085177933024895
id_829,2.6410198612459546
id_830,2.114972974019274
id_831,3.5294363475580823
id_832,2.685106088351638
id_833,2.3658643172424085
id_834,4.246772766635118
id_835,1.6057040087339232
id_836,1.8722505306416828
id_837,2.192221235849111
id_838,2.4954380005867023
id_839,3.2607102099665646
id_840,2.546337049485224
id_841,1.837591690717126
id_842,1.8952314535865291
id_843,1.7202705469338184
id_844,3.328944403783275
id_845,2.6000677465500743
id_846,2.7781123359440087
id_847,4.989253666694335
id_848,3.22735712576376
id_849,2.3326675334788547
id_850,1.759501823831119
id_851,3.803449003578443
id_852,1.291426916778427
id_853,1.7633229165098996
id_854,3.2309984348459437
id_855,2.7593423510691153
id_856,2.4162740267783143
id_857,3.4628563258137
id_858,2.440511943039567
id_859,4.454664441202933
id_860,2.3160569032768414
id_861,1.8549100358102315
id_862,2.3717718575631785
id_863,2.201166424368786
id_864,2.746399127937888
id_865,3.3727642322232185
id_866,6.4433114371098945
id_867,1.8922077571482134
id_868,2.1917289220556277
id_869,4.025433224082267
id_870,1.7836294600851161
id_871,1.9416549828101637
id_872,2.260323314590636
id_873,2.583756908445203
id_874,3.1425373402991283
id_875,2.7066911504230617
id_876,2.356507509133266
id_877,2.850793456443828
id_878,1.9906095836363136
id_879,2.9666232166947815
id_880,1.391996758388121
id_881,1.6223944966523263
id_882,1.6125435982183376
id_883,2.428360767115432
id_884,1.657984138116177
id_885,2.6432351392697413
id_886,1.9941765970207967
id_887,1.6662479545996902
id_888,3.9525951152200705
id_889,2.9663886076112256
id_890,2.8122050388598296
id_891,2.538161810267354
id_892,2.28700194811843
id_893,2.616516076374303
id_894,2.4455398109631687
id_895,3.2157524100095998
id_896,3.5303766038891666
id_897,2.365529468295712
id_898,1.794632500471149
id_899,5.5183809819933245
id_900,2.094940649626725
id_901,2.2360914120214517
id_902,2.1923525554469414
id_903,2.866853004100342
id_904,2.943280551852535
id_905,2.714445929567603
id_906,2.076589132463752
id_907,2.1252734944934772
id_908,2.6391235442797196
id_909,1.7346456549707092
id_910,2.5223608757405884
id_911,3.491854496170827
id_912,3.263153535052883
id_913,1.601675036229814
id_914,3.466340311412587
id_915,2.697250113924923
id_916,2.779113521677804
id_917,2.4809056512690617
id_918,4.724099790087227
id_919,2.1086104268627253
id_920,1.5498699626519148
id_921,2.6125779025198526
id_922,2.2990642989009373
id_923,5.426665674129058
id_924,1.3955578920523166
id_925,1.6574883837441483
id_926,1.3085804533975995
id_927,2.079158028893037
id_928,3.2559888757816857
id_929,2.2870784812377494
id_930,1.7699850440429685
id_931,1.998683848966344
id_932,1.9480007755519715
id_933,3.488368851664454
id_934,3.1786905402444887
id_935,3.861066047180241
id_936,4.0655765899874865
id_937,1.5761083371445537
id_938,3.0786829274604273
id_939,1.8402547490254477
id_940,2.1748102614172353
id_941,1.8195000719090828
id_942,2.686084893536794
id_943,1.4375415880169982
id_944,1.786155052451516
id_945,2.452270354559733
id_946,3.314833972310524
id_947,4.76674201085719
id_948,2.078235013744841
id_949,1.7074446424519962
id_950,1.7736748169228207
id_951,2.052932958390361
id_952,2.905320994621448
id_953,2.7917964086578273
id_954,1.9576104925021482
id_955,2.128255957501338
id_956,5.447858470965503
id_957,3.350760709512013
id_958,2.0163978785623797
id_959,5.125391110525236
id_960,2.470913785311268
id_961,3.1838802103173904
id_962,2.4952025140940073
id_963,2.8286146089177855
id_964,2.604846555248681
id_965,1.7950167758182793
id_966,1.753283792511123
id_967,1.5739101026517588
id_968,3.463414092233048
id_969,3.793155490305857
id_970,3.015629940328168
id_971,1.6054456457273396
id_972,2.1147405197134006
id_973,1.3402786316619952
id_974,1.3999433129113967
id_975,2.2158342368236994
id_976,3.852723550953087
id_977,1.9180956147737973
id_978,3.9636305688056517
id_979,3.67192819459094
id_980,2.741975209836262
id_981,2.702063356498769
id_982,2.5772749871480265
id_983,2.4065817813759196
id_984,1.4066419977062026
id_985,2.8599076786045856
id_986,2.4260977375965282
id_987,3.0237039748810375
id_988,1.5168179024467037
id_989,1.9623832070495126
id_990,2.922511002593101
id_991,2.9402658438097724
id_992,1.7949104983289068
id_993,2.031624462998991
id_994,4.820242217037503
id_995,2.7571631727540833
id_996,1.3438296537868233
id_997,3.1898382641308487
id_998,1.8891445281099273
id_999,1.5304463602456018
id_1000,5.00281567116744
id_1001,3.547158038757111
id_1002,3.5057982255174984
id_1003,2.8981354353620787
id_1004,1.3143242180329864
id_1005,2.6850448948126875
id_1006,2.6139521845983715
id_1007,2.68972566313564
id_1008,1.8072089289463378
id_1009,3.598028143107193
id_1010,3.408871047465567
id_1011,2.220725849197713
id_1012,1.9145011521904323
id_1013,5.020213660671814
id_1014,2.976941224936297
id_1015,2.814935573254232
id_1016,1.7583750298629255
id_1017,4.290121629000716
id_1018,2.011806771152081
id_1019,1.299322829406627
id_1020,3.946059488301241
id_1021,3.7779536069025994
id_1022,2.79902407601352
id_1023,1.3972705924326299
id_1024,3.546596805934435
id_1025,3.1726714710769457
id_1026,3.492014165901054
id_1027,2.648577795937559
id_1028,2.533092937116301
id_1029,4.456193394122302
id_1030,3.5567734378470064
id_1031,2.4505755981501594
id_1032,3.694786670650238
id_1033,1.6354051388053144
id_1034,2.841926299093629
id_1035,1.610767624033251
id_1036,4.495137892671163
id_1037,2.583293599928176
id_1038,3.9917314351819257
id_1039,2.0591248234374433
id_1040,1.8946833124228846
id_1041,2.303994418965029
id_1042,4.953853714241156
id_1043,2.491155835932936
id_1044,2.4272044854777164
id_1045,1.2497387850668957
id_1046,2.8993177097586518
id_1047,2.1377359176401605
id_1048,2.9384379509160325
id_1049,3.206100220445368
id_1050,1.5511991574665984
id_1051,3.491683228664222
id_1052,3.2829984268989136
id_1053,2.892381444495033
id_1054,1.6874493462758302
id_1055,2.966568409608474
id_1056,1.6888345847301451
id_1057,4.761496834635391
id_1058,3.2805406274655695
id_1059,1.3246477847569977
id_1060,1.928547958478017
id_1061,1.886728928793886
id_1062,1.7715134136050317
id_1063,1.7969924322989037
id_1064,2.149322104009343
id_1065,2.447813204193075
id_1066,3.062543313802987
id_1067,2.5065448378331645
id_1068,2.1179039489456812
id_1069,2.411494646742625
id_1070,2.67240533259352
id_1071,1.74280434805112
id_1072,2.478911796329797
id_1073,2.85741263963412
id_1074,2.5198048274284766
id_1075,4.122518324819918
id_1076,2.752448709222385
id_1077,1.9574954075592998
id_1078,3.1635292316937154
id_1079,1.767741796288977
id_1080,2.150367581400367
id_1081,3.002780704167236
id_1082,2.486043418752221
id_1083,2.409549684272797
id_1084,2.829005134812089
id_1085,2.339241519596019
id_1086,2.096345637749071
id_1087,2.071064958350263
id_1088,1.4501670815203376
id_1089,3.4531669913463645
id_1090,2.53021486217623
id_1091,2.7445479053003865
id_1092,1.2497387850668957
id_1093,2.0342980823680747
id_1094,1.6255900147105464
id_1095,1.1563892294123015
id_1096,1.7980957206842163
id_1097,4.4873893254001445
id_1098,3.1828211336501333
id_1099,2.3292452286339014
id_1100,2.760554858349508
id_1101,3.012642967653168
id_1102,3.7514234649316407
id_1103,3.7286891778837763
id_1104,2.5131115009823546
id_1105,2.900813882968322
id_1106,1.7806372251869327
id_1107,2.2167055994205462
id_1108,2.7839064220103467
id_1109,2.6459865366042834
id_1110,2.729192013149074
id_1111,3.148910777010606
id_1112,1.2807922706324284
id_1113,3.4861603865825224
id_1114,2.4017945705276347
id_1115,4.578109540374427
id_1116,3.282328627395728
id_1117,2.267462509888052
id_1118,4.3465286103016325
id_1119,2.310251684475432
id_1120,2.828541605438957
id_1121,1.8373607041123137
id_1122,2.059707395794618
id_1123,1.74321377301575
id_1124,1.7490410024928167
id_1125,1.83709550307805
id_1126,1.8189950811470794
id_1127,1.2480769308893969
id_1128,2.866598568067431
id_1129,2.584127013120053
id_1130,2.621639026947644
id_1131,2.404021469241414
id_1132,1.5993276992244105
id_1133,1.513991508857341
id_1134,2.4547131517164047
id_1135,2.904826075035146
id_1136,2.130847992127837
id_1137,1.9025949407178402
id_1138,2.6748583331508407
id_1139,1.5016348537699784
id_1140,2.297920593359187
id_1141,2.199106476111215
id_1142,2.1429698064481073
id_1143,1.6416595391437987
id_1144,2.9272465389350835
id_1145,4.215239289524696
id_1146,3.440134774971888
id_1147,1.9993081853134527
id_1148,1.386231751547875
id_1149,2.9501342319255954
id_1150,2.9349890385581716
id_1151,2.287209005296212
id_1152,2.235068179652984
id_1153,2.008288259249504
id_1154,5.201139629079329
id_1155,1.4367675698050348
id_1156,3.785272280217491
id_1157,1.3026972966585717
id_1158,1.5567345874990401
id_1159,1.91042233951271
id_1160,3.51095392288115
id_1161,3.215981658737043
id_1162,3.794738732131105
id_1163,3.4886841841130867
id_1164,3.946490852471811
id_1165,1.4405511763327858
id_1166,3.3358970309848566
id_1167,1.7135846391774976
id_1168,1.2285792024733233
id_1169,1.7724534014182112
id_1170,4.298893525985154
id_1171,1.4869845560869983
id_1172,3.0252814103664676
id_1173,2.696551281038303
id_1174,1.8600812033000693
id_1175,1.7494365948486106
id_1176,3.9421121822530694
id_1177,1.566852833712474
id_1178,1.9746936116953293
id_1179,2.6748779353290715
id_1180,3.186484133153609
id_1181,2.0534582298332715
id_1182,2.679961527717662
id_1183,2.11118163308614
id_1184,1.350490592136417
id_1185,2.560386931940606
id_1186,2.6562299055900844
id_1187,2.2519361965132063
id_1188,1.384535073370703
id_1189,2.1650860703884405
id_1190,4.4019379083753485
id_1191,2.6852018359846888
id_1192,2.1986668012628314
id_1193,2.2913617114921934
id_1194,2.22296646803456
id_1195,1.67335422163341
id_1196,1.953982651254087
id_1197,3.912404405660901
id_1198,2.1884146243409646
id_1199,1.50477177357849
id_1200,1.4577986353010957
id_1201,2.621463929398626
id_1202,5.255678891780555
id_1203,4.0737700479062156
id_1204,2.0607765934232276
id_1205,2.1251366511784084
id_1206,2.149441128934299
id_1207,3.8160284834174725
id_1208,0.8744948452759367
id_1209,2.88349947711945
id_1210,1.6728951131124639
id_1211,2.57219102433271
id_1212,1.6481943001057928
id_1213,1.8540647931395604
id_1214,2.2358805954312153
id_1215,1.6806250847123252
id_1216,1.8016632530788215
id_1217,1.786341015760211
id_1218,1.3786625112591757
id_1219,2.499535892599493
id_1220,2.337496438780871
id_1221,1.8127750333416799
id_1222,2.3697620225602734
id_1223,2.1025650562307945
id_1224,2.3096302052716773
id_1225,3.1196688626749705
id_1226,2.648839464706249
id_1227,3.8575285094111607
id_1228,2.075825629852563
id_1229,2.9232404076836076
id_1230,1.396603635111365
id_1231,1.4205376834185728
id_1232,2.399379400749382
id_1233,3.0500631521656025
id_1234,2.174073752130578
id_1235,3.3343211183576926
id_1236,3.525287344392865
id_1237,2.411900833157759
id_1238,2.68747592175837
id_1239,2.6596977323427247
id_1240,2.306292226893415
id_1241,1.9723113135424626
id_1242,3.3911475703213014
id_1243,2.769495094897799
id_1244,2.2881503233613145
id_1245,1.4872217613147143
id_1246,1.3315338838105575
id_1247,2.162857262834873
id_1248,3.07445194469312
id_1249,2.9804674560884585
id_1250,3.113486393591895
id_1251,3.04323383504007
id_1252,2.419797097632916
id_1253,3.1737559402187294
id_1254,2.5256311777744003
id_1255,2.3810933595557273
id_1256,2.7363948895169443
id_1257,2.0113462719313553
id_1258,1.654982989509051
id_1259,3.9182564625043597
id_1260,1.9779227158792416
id_1261,2.8194428650140253
id_1262,1.6711277003564504
id_1263,1.5688806373532245
id_1264,2.1128081068780062
id_1265,1.682602471192201
id_1266,2.7715399919802444
id_1267,1.604468330498019
id_1268,2.4047606416300304
id_1269,1.5956492843508379
id_1270,1.3312790913852588
id_1271,2.5815818309563596
id_1272,5.193412200907794
id_1273,1.9936964145904348
id_1274,2.6794486289043817
id_1275,2.2680096580084808
id_1276,2.599553696374656
id_1277,2.915004787164605
id_1278,2.1860730254003364
id_1279,2.359217181629507
id_1280,2.233754071790351
id_1281,4.852713447409236
id_1282,3.1605192380580753
id_1283,1.8945699039743786
id_1284,2.689091492852395
id_1285,2.292845131834344
id_1286,3.3432452629853238
id_1287,1.8228833674108706
id_1288,3.430252822742915
id_1289,2.1188520863764957
id_1290,2.8422354439425845
id_1291,1.8106090105296389
id_1292,1.9845099014616032
id_1293,2.295131986270558
id_1294,1.7115859958989574
id_1295,4.016375915941225
id_1296,3.130463384814327
id_1297,1.4211082801879371
id_1298,1.57984691451
id_1299,3.761633722013027
id_1300,3.672563637295049
id_1301,1.4410836335193054
id_1302,2.254699460001298
id_1303,1.855686446094417
id_1304,1.282985134480235
id_1305,3.6828780267107746
id_1306,3.646565362303548
id_1307,3.350325704276134
id_1308,2.2277468377881604
id_1309,2.319867620331678
id_1310,3.110599643977217
id_1311,1.2867578485841804
id_1312,1.801624456106211
id_1313,1.9220275558817335
id_1314,1.7807922533200014
id_1315,2.5868146534581804
id_1316,2.143522910335932
id_1317,2.2444703350871507
id_1318,1.6131698170019995
id_1319,2.164873952368957
id_1320,2.95250106899411
id_1321,1.1399087696526777
id_1322,1.5630570807371242
id_1323,2.511663320608676
id_1324,5.386916063807476
id_1325,1.5159466323433577
id_1326,2.9128972694936692
id_1327,1.5075247099570284
id_1328,2.662643284934937
id_1329,3.15314350311737
id_1330,1.9966638711176294
id_1331,2.708821700414127
id_1332,1.3667050906086615
id_1333,1.959866064411365
id_1334,1.5936550519774642
id_1335,2.5135090416955563
id_1336,2.9887100043403123
id_1337,2.06210584558913
id_1338,3.368715478380949
id_1339,2.2612924830182735
id_1340,2.5268599036060024
id_1341,2.6477589152995122
id_1342,2.5094419010284206
id_1343,3.3866804384184945
id_1344,2.3102229619129844
id_1345,2.7939074992896167
id_1346,3.1252310711981934
id_1347,2.185406047419761
id_1348,3.217414369023132
id_1349,2.9045134131131505
id_1350,4.945241241309681
id_1351,2.8533570135128876
id_1352,3.032077589478053
id_1353,1.8716232366499312
id_1354,2.6251470646284254
id_1355,3.3994112813445945
id_1356,2.940715441411335
id_1357,2.024639608100088
id_1358,1.803052264422906
id_1359,2.068325672025871
id_1360,2.4453014853145802
id_1361,4.27536971150467
id_1362,2.4611609494019078
id_1363,3.182083370493622
id_1364,2.731769996017718
id_1365,2.1668020284661296
id_1366,1.2815511164991804
id_1367,4.076941033648744
id_1368,5.023042672413304
id_1369,1.9716516566777749
id_1370,2.9010631403457943
id_1371,2.0853583116523353
id_1372,1.884144816782758
id_1373,2.413479915894385
id_1374,2.4569396572172195
id_1375,3.4098178386691735
id_1376,2.7017248528270272
id_1377,1.4212365344421798
id_1378,1.6341358239054742
id_1379,3.6805405504379607
id_1380,1.7599175097809052
id_1381,3.0056897152216138
id_1382,2.530198511637451
id_1383,2.039777250635886
id_1384,4.673797706041462
id_1385,2.930000527089703
id_1386,1.4739429014449783
id_1387,2.2807399992494624
id_1388,5.072547545037082
id_1389,1.8280635598539483
id_1390,4.7980850973461
id_1391,3.2529103613148465
id_1392,2.283232340062689
id_1393,3.6668532454607785
id_1394,2.1516740586132883
id_1395,2.9559600770624392
id_1396,1.9324718897936393
id_1397,2.104867992238809
id_1398,2.391268072763509
id_1399,1.3413618601613067
id_1400,6.989630697839157
id_1401,2.619190497731303
id_1402,1.7915174700757817
id_1403,3.701032366654033
id_1404,3.893462688599989
id_1405,3.2139914427979157
id_1406,1.6538061564477573
id_1407,1.5640675582151573
id_1408,2.4096616445824885
id_1409,1.7746388334413936
id_1410,2.091216140668813
id_1411,2.1695674247137937
id_1412,1.9539534247704573
id_1413,2.220435167948807
id_1414,3.1391319407907687
id_1415,2.1587622898460737
id_1416,2.5857437652292496
id_1417,2.166520990225436
id_1418,2.4112208908438504
id_1419,3.041857196010625
id_1420,2.3809816087416458
id_1421,2.7606683452293233
id_1422,1.4040217431368802
id_1423,4.719625667472322
id_1424,1.722800768842152
id_1425,2.9940729106050483
id_1426,4.162767907530881
id_1427,1.962823082179245
id_1428,1.961567738811393
id_1429,3.191937714679014
id_1430,1.5850024229623685
id_1431,1.4254130365939197
id_1432,1.1935656546287987
id_1433,1.9417044494612732
id_1434,3.2426047718867324
id_1435,2.47665699085427
id_1436,3.042677290367781
id_1437,1.9323157051186826
id_1438,2.26653101280813
id_1439,2.450776329054456
id_1440,1.506966869589661
id_1441,2.5751460725793365
id_1442,2.1917547480000437
id_1443,2.460738209001896
id_1444,2.664157627719689
id_1445,3.270648083437642
id_1446,1.8087255255085388
id_1447,2.2768977463410423
id_1448,1.4969365321839092
id_1449,1.895870484373674
id_1450,2.176941092596085
id_1451,3.9008545946164226
id_1452,5.538789757357264
id_1453,2.090524364213028
id_1454,3.5687128038359113
id_1455,3.0954397185858653
id_1456,4.594829394168361
id_1457,2.4630156545990616
id_1458,2.093087604612002
id_1459,2.1569169685586047
id_1460,1.2983968352106672
id_1461,1.765653870733125
id_1462,1.9509874252326433
id_1463,2.19716626030009
id_1464,2.754056933310718
id_1465,2.5689338266482196
id_1466,3.0701837706934683
id_1467,2.660921784123911
id_1468,3.4907865366221316
id_1469,1.7772729737791195
id_1470,1.3980826994748092
id_1471,2.252302331353757
id_1472,3.4587409454022087
id_1473,2.302378576065376
id_1474,2.4195695875021386
id_1475,2.062245815346131
id_1476,2.368501249634562
id_1477,1.7294515562128758
id_1478,1.4042628688822703
id_1479,2.090332033722575
id_1480,3.7890680989324608
id_1481,2.0901154410555662
id_1482,2.516905955418448
id_1483,3.3059783196970223
id_1484,3.2199861112292787
id_1485,1.8598931347751062
id_1486,2.5943429631673
id_1487,2.108737860328624
id_1488,2.0979343595482014
id_1489,2.069476568416391
id_1490,4.713993836671914
id_1491,1.6862500326281449
id_1492,1.6544131093676242
id_1493,3.676943360353178
id_1494,1.6390120491859577
id_1495,2.7091769487654034
id_1496,1.8946177917770797
id_1497,2.071155582123911
id_1498,2.5901995236941033
id_1499,2.973229039167183
id_1500,3.8256437522121303
id_1501,2.1124962669534426
id_1502,1.8597944637564794
id_1503,2.347094838942194
id_1504,2.7583190533260407
id_1505,2.002306257764417
id_1506,2.98883925303333
id_1507,1.4658128106155672
id_1508,3.580415140362639
id_1509,3.041516520282329
id_1510,4.641041753950432
id_1511,4.2918290787417135
id_1512,5.215646547580565
id_1513,2.2965306622251447
id_1514,2.5688278964550015
id_1515,2.371705239618592
id_1516,6.751932266108337
id_1517,2.786562608922889
id_1518,2.544433525201505
id_1519,1.9106763268809033
id_1520,1.7243439930473627
id_1521,3.2342224294414734
id_1522,2.9723168398073483
id_1523,2.6313794629829665
id_1524,1.6988743288519181
id_1525,2.5477818020656215
id_1526,2.471832121733435
id_1527,2.485634542387693
id_1528,2.806765705775259
id_1529,3.018440856508686
id_1530,2.331983790049481
id_1531,3.1128177102044674
id_1532,1.3155104248123806
id_1533,1.5138326908738726
id_1534,3.978366154541611
id_1535,1.2745984909577501
id_1536,3.122881583531722
id_1537,3.251336038651541
id_1538,4.143227400999724
id_1539,4.563123060960379
id_1540,3.1623851297212653
id_1541,2.3328728607463205
id_1542,6.457392212520215
id_1543,1.464617492267731
id_1544,1.7650440102659992
id_1545,3.0638957011829433
id_1546,2.10401231356299
id_1547,1.997365122419282
id_1548,2.4941696641032145
id_1549,1.9392336917139197
id_1550,2.8140821257947692
id_1551,3.1934941263769616
id_1552,2.3470396785642222
id_1553,2.7580151074320085
id_1554,2.734121698165243
id_1555,2.956548143323353
id_1556,1.7300653612817456
id_1557,1.627714227548939
id_1558,2.4083019903445297
id_1559,3.111667370906787
id_1560,2.1217890990399297
id_1561,2.2630548410910016
id_1562,1.2529664681556696
id_1563,1.8067055951568989
id_1564,1.2781995182201307
id_1565,1.6448741293134397
id_1566,4.227659320292144
id_1567,1.5900876350564097
id_1568,1.3024079044070795
id_1569,2.474447315424129
id_1570,2.115704614877629
id_1571,1.760479698434299
id_1572,2.818013149444706
id_1573,1.3104068437974838
id_1574,2.27259092347715
id_1575,2.7900196305389393
id_1576,2.08537230965727
id_1577,3.282644901623076
id_1578,3.8385638950359358
id_1579,4.20284921990412
id_1580,2.543459612786812
id_1581,5.019687400108062
id_1582,3.9369309270931545
id_1583,2.47729819793782
id_1584,3.636306070806061
id_1585,1.8660694423934245
id_1586,2.894362570213275
id_1587,3.4670460905674005
id_1588,5.818431590938122
id_1589,3.871584182978541
id_1590,2.1673168331706947
id_1591,4.855910366441183
id_1592,3.426480309639988
id_1593,4.189280009889014
id_1594,6.4494181644030775
id_1595,1.7834234433807978
id_1596,1.9399636413828745
id_1597,1.9823080700880027
id_1598,3.984294979068814
id_1599,1.6229646478432826
id_1600,3.4642449371234036
id_1601,2.9095846186295624
id_1602,1.345207622449422
id_1603,3.5390627528816196
id_1604,1.641188606769603
id_1605,2.992218278845307
id_1606,2.9326091935959226
id_1607,3.1019431524943677
id_1608,1.810633234501129
id_1609,2.743270065875553
id_1610,3.4560263553158705
id_1611,2.4303145608922776
id_1612,2.1531620507893763
id_1613,2.3168450883053566
id_1614,2.139246804690721
id_1615,1.8815324363951085
id_1616,2.303762766199629
id_1617,2.1994359598711952
id_1618,1.8871554450335957
id_1619,1.6522686873574628
id_1620,2.0292099698374386
id_1621,2.6186523007770255
id_1622,2.749919988815016
id_1623,2.142576059396646
id_1624,2.3696906676349343
id_1625,1.7699641432699877
id_1626,2.1694502978461294
id_1627,1.3270696719213007
id_1628,3.1133668603082967
id_1629,5.060244962896576
id_1630,1.7635101424036534
id_1631,3.007156793488683
id_1632,1.9033055176364897
id_1633,1.97241607414972
id_1634,3.2947842319588183
id_1635,1.9803474410116806
id_1636,3.41926138271878
id_1637,1.5248771010842255
id_1638,2.097067147212975
id_1639,2.1092356414478637
id_1640,2.704958010190701
id_1641,3.042495306915459
id_1642,1.5210109097658275
id_1643,2.6675440545561067
id_1644,1.6838417267610062
id_1645,2.923052076162847
id_1646,3.534686966249275
id_1647,2.5248942789688336
id_1648,3.9666451635405515
id_1649,3.9514516756468936
id_1650,1.5754307163522476
id_1651,1.4844148107200787
id_1652,4.40766657197895
id_1653,1.7223569756076387
id_1654,2.0851819577048545
id_1655,2.591083944349357
id_1656,2.26289003860105
id_1657,2.2532004456272183
id_1658,2.254986704287731
id_1659,2.060660249780902
id_1660,1.8771170489215336
id_1661,2.406374838587027
id_1662,2.2935271641032458
id_1663,4.937798521534759
id_1664,2.4343296900961633
id_1665,1.5172081254772323
id_1666,2.1379224328689794
id_1667,3.2137781267242644
id_1668,2.7423029136937274
id_1669,2.1741694241439866
id_1670,2.9879128024476245
id_1671,1.917693287459631
id_1672,3.5732333237046916
id_1673,2.1162089550246
id_1674,1.5517585967626388
id_1675,2.750384798173968
id_1676,2.258548114391999
id_1677,2.9192045329911345
id_1678,2.050454826808629
id_1679,2.6144486025119775
id_1680,2.104113217931058
id_1681,3.4352833328426975
id_1682,3.5862859586546207
id_1683,2.1357397891490777
id_1684,2.0114054593295485
id_1685,3.5022284505456582
id_1686,2.8126546506697885
id_1687,1.9953586576670332
id_1688,2.2615009942082267
id_1689,3.282432196839533
id_1690,1.7517429810235363
id_1691,1.6700466993498146
id_1692,4.3605765794880185
id_1693,2.3479822701592994
id_1694,2.1191105433606694
id_1695,1.3413519675637637
id_1696,2.103041259270249
id_1697,1.5185991353134263
id_1698,2.3309623376302255
id_1699,1.7143420246836776
id_1700,1.5754735141492446
id_1701,3.4404108107594453
id_1702,4.035320879049998
id_1703,3.0603966198266193
id_1704,1.7868188886906005
id_1705,2.606934696990159
id_1706,2.3543301020599507
id_1707,2.6241278718865644
id_1708,1.9509414222679347
id_1709,5.408086131273098
id_1710,3.22879873599393
id_1711,2.7479557099759155
id_1712,4.520613683043987
id_1713,2.385158177336116
id_1714,2.290906984066261
id_1715,2.205979155260785
id_1716,2.6088753440817953
id_1717,2.589600331192422
id_1718,1.2497387850668957
id_1719,2.1230570326647538
id_1720,1.3766477792212868
id_1721,2.354437720633662
id_1722,2.87642660149481
id_1723,2.5502900441083547
id_1724,2.540644107709042
id_1725,2.142066743620692
id_1726,2.0240572982556984
id_1727,5.153598454066589
id_1728,3.687198495077304
id_1729,1.3773077695014848
id_1730,1.3108005869482682
id_1731,1.9274747558358314
id_1732,1.6960597726766196
id_1733,2.281595734946947
id_1734,3.104561225377637
id_1735,1.2497387850668957
id_1736,1.5365743334449888
id_1737,1.8827589636193416
id_1738,2.0169773893515632
id_1739,2.391627671626125
id_1740,2.1337278929327823
id_1741,1.3394090918171884
id_1742,1.5290787032932087
id_1743,1.6608325493731755
id_1744,6.119994783294839
id_1745,2.196808442860945
id_1746,3.941106248214023
id_1747,3.859654999798746
id_1748,3.576252297418261
id_1749,2.5146222753380094
id_1750,1.3831683418678864
id_1751,2.099164677696269
id_1752,1.9003674882203327
id_1753,2.351400149996344
id_1754,3.8655372983292544
id_1755,2.572188658756879
id_1756,2.5928222159219914
id_1757,1.688109367047982
id_1758,1.3480247991334053
id_1759,2.218891906419536
id_1760,1.6707043289344767
id_1761,2.773811304092664
id_1762,1.64700861916144
id_1763,1.689286191321223
id_1764,1.930769951755309
id_1765,1.8249563559212163
id_1766,2.4351367760667095
id_1767,2.286176281274166
id_1768,4.491055904941209
id_1769,2.4388745388524526
id_1770,3.5170553355373
id_1771,2.394197012659955
id_1772,1.6380210658797125
id_1773,3.078404798412315
id_1774,3.937607293723069
id_1775,4.798117929340176
id_1776,3.919214958240481
id_1777,2.6473544090208634
id_1778,2.9442796200300947
id_1779,3.0131615812655355
id_1780,2.2787414960262176
id_1781,1.641984789997064
id_1782,1.3581193249598869
id_1783,2.349193279026398
id_1784,1.901314587847743
id_1785,1.6428121929161108
id_1786,3.768445817768189
id_1787,1.5090017604568686
id_1788,2.560735906709148
id_1789,3.9383189963282206
id_1790,2.551472456518134
id_1791,4.514746094663018
id_1792,1.485819167553288
id_1793,1.828113074052066
id_1794,1.7132936708920496
id_1795,3.1309443506107897
id_1796,1.599211068639125
id_1797,4.323923936734488
id_1798,3.2514318974778185
id_1799,2.2812591699730973
id_1800,4.103384218619524
id_1801,2.011321018694062
id_1802,4.50865479847581
id_1803,3.2324717388557715
id_1804,3.6749856718372556
id_1805,3.2584056326256956
id_1806,2.2651947713559935
id_1807,1.944306912492273
id_1808,1.7005264479285138
id_1809,4.207599030567927
id_1810,4.921775032207631
id_1811,2.2650498810337574
id_1812,2.5070624978249434
id_1813,1.7676357585585727
id_1814,3.319752033145555
id_1815,2.3543174651605447
id_1816,3.0587359460297847
id_1817,2.823797548263183
id_1818,2.7202373734320027
id_1819,4.9938148527519175
id_1820,2.8826391632387
id_1821,3.662561949946756
id_1822,2.6942519276189145
id_1823,3.8958766594066176
id_1824,2.1749803476788117
id_1825,3.9445045054252716
id_1826,4.306297627816868
id_1827,2.3690398986892305
id_1828,3.058865431251462
id_1829,1.8983720713918615
id_1830,1.6693277517556915
id_1831,1.2497387850668957
id_1832,3.6005334177540647
id_1833,3.69986223511021
id_1834,1.2429414399705365
id_1835,1.732959135974646
id_1836,2.3170294653240333
id_1837,1.7991254931228902
id_1838,3.6833534246719424
id_1839,3.076238020726837
id_1840,2.009385428092834
id_1841,3.605023296625191
id_1842,1.8670101970744177
id_1843,2.1218082533653444
id_1844,5.549223664650899
id_1845,2.553813099783415
id_1846,2.3095956595916753
id_1847,1.976999329570134
id_1848,2.148232763327453
id_1849,2.3197490364812126
id_1850,1.5848437665361743
id_1851,1.5241101778648094
id_1852,1.8299865478511101
id_1853,4.039610120418196
id_1854,2.655219530347452
id_1855,1.9882258062201252
id_1856,1.6059537497812215
id_1857,1.6800224098276715
id_1858,2.9053008303100185
id_1859,2.2679174384464744
id_1860,2.8395072313384695
id_1861,2.6911846007864035
id_1862,1.8574234907827183
id_1863,3.0168461123025025
id_1864,3.093577986894296
id_1865,3.1868526182211383
id_1866,1.3968291784622373
id_1867,1.5458354768797378
id_1868,1.5325007971871543
id_1869,4.647106026117452
id_1870,1.5813456008548776
id_1871,1.5909128651580673
id_1872,3.3262135316176185
id_1873,3.477824619172175
id_1874,3.2448887162042936
id_1875,2.3104303471292873
id_1876,4.629783116199157
id_1877,1.4005183286941012
id_1878,1.4069728566840531
id_1879,3.172052228421819
id_1880,3.230686607774622
id_1881,2.797327930182462
id_1882,1.8406462303617666
id_1883,2.919061467882809
id_1884,1.616102065650967
id_1885,3.2624803056764975
id_1886,1.805254949183297
id_1887,2.230154910950038
id_1888,2.0080493979909235
id_1889,1.5722346705635246
id_1890,1.6519190604673355
id_1891,2.618905840401567
id_1892,2.7463485075925647
id_1893,2.473003164668171
id_1894,2.980294616744942
id_1895,2.898020228180762
id_1896,2.6502815770559245
id_1897,1.6412650434359826
id_1898,5.575755696771747
id_1899,3.117134717106424
id_1900,2.0206690147857245
id_1901,2.8406316471087223
id_1902,3.7163650299586095
id_1903,2.6874516043062258
id_1904,4.565501414969297
id_1905,1.88310809388706
id_1906,2.071460710433996
id_1907,1.6721588347427137
id_1908,2.001245198361822
id_1909,2.2231552181092518
id_1910,1.943243063073158
id_1911,1.4119096497424621
id_1912,3.18780040412188
id_1913,1.9431172510788457
id_1914,1.2722959371184608
id_1915,2.012442381617724
id_1916,3.073995958497875
id_1917,4.511915068188099
id_1918,2.698795399108583
id_1919,2.251857186800816
id_1920,1.8926777196326974
id_1921,4.3871805286776535
id_1922,1.5909779371948645
id_1923,1.98648188211083
id_1924,1.7694237328193303
id_1925,4.810523159184612
id_1926,2.1310316287030844
id_1927,1.9092007298542555
id_1928,2.8400206284674816
id_1929,1.3572849621059895
id_1930,1.8389651133405387
id_1931,2.237316458323157
id_1932,2.047092194877006
id_1933,2.549555889678487
id_1934,1.5902378850970535
id_1935,4.386995727010898
id_1936,6.019008208659116
id_1937,1.7055392881946254
id_1938,1.2923982819373485
id_1939,1.3551711770420916
id_1940,3.085615704350591
id_1941,3.1283104839207567
id_1942,2.1076373240124155
id_1943,3.1173127060277253
id_1944,1.7908998354348604
id_1945,2.876422593183406
id_1946,1.7244538537643237
id_1947,1.2273046949861381
id_1948,3.7779026795651873
id_1949,4.725503443950537
id_1950,2.912021216713896
id_1951,2.695640022765886
id_1952,1.424501550331339
id_1953,1.9917033285012167
id_1954,2.6384689272528306
id_1955,3.7228232213536145
id_1956,2.343966455548191
id_1957,2.1303861619011712
id_1958,5.586094728263461
id_1959,2.9896879002306207
id_1960,1.367373713059731
id_1961,2.249669773087593
id_1962,2.2248245829185365
id_1963,1.2523325573755635
id_1964,3.6329715574831027
id_1965,1.8586918173555098
id_1966,2.4279711473689787
id_1967,1.6579898124499728
id_1968,2.218748881038266
id_1969,1.924478415616484
id_1970,3.3006829832084676
id_1971,2.795479031453162
id_1972,1.5036889406891945
id_1973,4.127062809268651
id_1974,1.9045933960405534
id_1975,2.427585807781938
id_1976,3.4772774601004635
id_1977,1.635112681201555
id_1978,1.9113957854859187
id_1979,1.6548419453258063
id_1980,2.1582342042940965
id_1981,2.8025408057821934
id_1982,3.321138365523094
id_1983,2.1084924827999956
id_1984,1.8224004714403925
id_1985,2.1808885154468456
id_1986,1.9703489360187696
id_1987,1.7339635010545535
id_1988,1.7202859252345135
id_1989,2.2470698837367173
id_1990,1.8155712917090483
id_1991,1.69946169472491
id_1992,2.573709024306485
id_1993,2.4122723609625965
id_1994,2.4700850376660064
id_1995,2.0678392979928404
id_1996,1.8723613366721494
id_1997,1.7314178577193502
id_1998,2.0411255408492863
id_1999,2.975387488413638
id_2000,1.6156354617379307
id_2001,1.3852699583428567
id_2002,1.9719875749856186
id_2003,2.970196038833354
id_2004,1.6100804896716348
id_2005,3.0839729448593154
id_2006,2.8567470392104966
id_2007,1.7323783667203045
id_2008,3.799206444365989
id_2009,4.6150409808084305
id_2010,2.211500856829808
id_2011,1.3155701536573936
id_2012,3.2231086980260457
id_2013,1.949182447085441
id_2014,1.6976801334423506
id_2015,2.94846409659381
id_2016,2.363300332190594
id_2017,2.4189047060799282
id_2018,4.083442494417238
id_2019,1.6397742085384408
id_2020,2.015905132257508
id_2021,3.9513867179724684
id_2022,1.5481935282057862
id_2023,2.100097739887744
id_2024,2.0752561729707892
id_2025,4.315270339138426
id_2026,2.332431950002082
id_2027,1.4957188528097163
id_2028,3.7651059011417516
id_2029,4.36310174703258
id_2030,2.2013873127296257
id_2031,3.2413268218598823
id_2032,4.1156240680792315
id_2033,1.7212394479987907
id_2034,4.131079646512752
id_2035,1.662386366228052
id_2036,2.527049969974197
id_2037,3.066108474271971
id_2038,2.6026731993132444
id_2039,2.767086908002568
id_2040,2.7468851742012674
id_2041,2.2230871895885613
id_2042,1.757372061401771
id_2043,1.2497387850668957
id_2044,1.960848575365052
id_2045,2.5856895131105233
id_2046,1.995177304816842
id_2047,3.333631612249782
id_2048,2.4321806159804034
id_2049,5.713203033216676
id_2050,2.700667457472168
id_2051,2.0429618702724355
id_2052,2.1978573513712583
id_2053,2.668311103034256
id_2054,2.906104020411007
id_2055,1.7409000926479976
id_2056,2.112266329428625
id_2057,2.4034855597524363
id_2058,2.5916074821353945
id_2059,2.2978207447541905
id_2060,2.554525018107057
id_2061,2.2097941003413197
id_2062,3.6848124624707843
id_2063,1.7024796417807586
id_2064,1.8849265779183106
id_2065,2.1694897114004625
id_2066,2.2467375930738136
id_2067,2.3593202668505384
id_2068,2.2099132991503794
id_2069,1.955659652210091
id_2070,2.554535362792695
id_2071,3.9889849040824217
id_2072,4.1047098969002
id_2073,2.142107125263749
id_2074,3.9676224599546153
id_2075,1.9237105897005797
id_2076,4.0318084604741
id_2077,3.099408507615262
id_2078,3.584857133951086
id_2079,2.4331754663558165
id_2080,2.7469155757827473
id_2081,2.187619689592566
id_2082,2.4444547364059943
id_2083,2.3115985348387724
id_2084,1.9003424795771977
id_2085,2.0795820339453286
id_2086,2.306275620178795
id_2087,4.174233146147085
id_2088,1.7252385004748945
id_2089,2.8126572350160686
id_2090,2.4039153628247725
id_2091,2.2068895815408816
id_2092,2.0991714536609685
id_2093,1.4102088202671261
id_2094,2.0822938670818196
id_2095,1.5589567596007896
id_2096,2.030773906486786
id_2097,2.4224374568714566
id_2098,3.534215025326059
id_2099,3.1590368040100785
id_2100,3.125191609202311
id_2101,1.6100771925543071
id_2102,1.4179829198119513
id_2103,3.101392066968785
id_2104,4.218617368542716
id_2105,2.597405437938253
id_2106,2.820583719152019
id_2107,6.060644727677786
id_2108,2.530017995905041
id_2109,3.3050015555046173
id_2110,2.070761262861968
id_2111,2.0344226288677802
id_2112,2.313263191026291
id_2113,2.9549387717059155
id_2114,1.6208452384715741
id_2115,1.4616675763755431
id_2116,2.3874686996008094
id_2117,2.3296956627882928
id_2118,1.362745717945991
id_2119,3.1592260139869524
id_2120,4.434721541162478
id_2121,1.1339260155792417
id_2122,2.845568910482079
id_2123,2.6977946565045485
id_2124,2.5299336643806996
id_2125,2.0588076483989397
id_2126,1.6960374715915734
id_2127,3.0728625737518804
id_2128,2.7387682276507057
id_2129,1.8735946926233567
id_2130,3.4129011958674838
id_2131,3.74423911363791
id_2132,1.2769454947802608
id_2133,3.121207147581103
id_2134,2.2062888255903985
id_2135,2.2537226438702476
id_2136,2.341176869437824
id_2137,4.287436637683818
id_2138,1.6501743904580621
id_2139,3.0149533637098003
id_2140,2.0802137408649415
id_2141,3.362860976510884
id_2142,2.2419298664829874
id_2143,2.4324262382098922
id_2144,3.904011173902312
id_2145,3.421405683983547
id_2146,2.3750292467938507
id_2147,2.629165751113291
id_2148,2.6481892933936138
id_2149,1.8467097281712554
id_2150,1.311579716140109
id_2151,2.100491898057953
id_2152,1.4897826206574152
id_2153,1.7836716959780468
id_2154,2.4229338373050666
id_2155,2.368110712535362
id_2156,1.2685908787029305
id_2157,2.5620840243717424
id_2158,2.0175849535180035
id_2159,2.624071618894284
id_2160,2.2707916707699027
id_2161,2.682131366690527
id_2162,2.932832625914571
id_2163,3.6679722393745102
id_2164,1.9146597331677242
id_2165,3.661398063741494
id_2166,2.1150261847312315
id_2167,1.7545279362575101
id_2168,3.237000733649232
id_2169,3.6924744729598586
id_2170,1.2635225908489645
id_2171,1.495169435801344
id_2172,1.7537081915780632
id_2173,1.3250897164856745
id_2174,1.102601078232695
id_2175,2.356386879798251
id_2176,3.54086343573794
id_2177,1.7084735454895394
id_2178,1.2476328612175784
id_2179,2.551825542630901
id_2180,2.9185407453712244
id_2181,1.985665131545936
id_2182,4.190431790238662
id_2183,2.671293612242522
id_2184,3.1004745852645783
id_2185,2.7445911318454534
id_2186,2.178970942680383
id_2187,1.8464011549203363
id_2188,2.450537605397045
id_2189,2.3118675774867157
id_2190,3.4982760461265983
id_2191,4.431236033110643
id_2192,2.2944733411248777
id_2193,2.1315576367685445
id_2194,1.6662594562546857
id_2195,1.7119809445150267
id_2196,1.369083026151106
id_2197,1.9074839972769198
id_2198,2.1363390549230274
id_2199,1.7160019627300187
id_2200,1.6034281335795058
id_2201,2.385966289686216
id_2202,1.7307368660176792
id_2203,3.138410545876283
id_2204,2.8577579804393025
id_2205,1.3321894834531776
id_2206,1.5186250400588719
id_2207,2.746913831264827
id_2208,4.123092377429785
id_2209,2.6837746995507636
id_2210,3.0504557982263627
id_2211,2.3240139151487753
id_2212,3.4898031034850163
id_2213,3.842126886096125
id_2214,2.4569458096056422
id_2215,2.1464213388837514
id_2216,4.1473404096359054
id_2217,1.5498169981121848
id_2218,1.596951802591505
id_2219,2.2214888645646553
id_2220,2.5803176740002556
id_2221,3.330697861743836
id_2222,2.3748193748791024
id_2223,2.8412425628519387
id_2224,2.7830831419955153
id_2225,1.555578545222545
id_2226,2.7611144904537817
id_2227,1.9935560579564857
id_2228,2.5685922675809216
id_2229,3.5188137972704148
id_2230,2.044462183271335
id_2231,1.2026375910048337
id_2232,2.333919995949156
id_2233,3.598380482847709
id_2234,2.1173978854836477
id_2235,2.9224626660700643
id_2236,1.2874462876159605
id_2237,2.320838393817386
id_2238,1.2636555693369047
id_2239,1.4360453972848752
id_2240,1.6538478970375685
id_2241,3.3280400068318414
id_2242,3.4958493986851664
id_2243,1.8296915464215395
id_2244,4.089488428973077
id_2245,5.385617903797986
id_2246,2.0940967569655946
id_2247,3.0896167766169285
id_2248,1.5939027720513792
id_2249,1.4183648087558112
id_2250,2.030895570207722
id_2251,3.1057540001782336
id_2252,2.4950055347084543
id_2253,2.055970603093762
id_2254,6.011274196218416
id_2255,2.8985654223763717
id_2256,2.965953984815396
id_2257,1.6152900980486216
id_2258,2.3763853681975213
id_2259,3.0407396224848853
id_2260,2.661479418419404
id_2261,2.29421803310683
id_2262,2.149428094734848
id_2263,2.5199784847943576
id_2264,3.7822494896740153
id_2265,3.702370637066192
id_2266,2.1241621146396668
id_2267,1.9131594397817722
id_2268,2.239392087838155
id_2269,3.0397860785890316
id_2270,1.9460900102356398
id_2271,2.7823814732457492
id_2272,1.7031967274765698
id_2273,2.395728267456569
id_2274,1.4792554133039282
id_2275,2.8591260983331708
id_2276,4.360827070807474
id_2277,2.0374862133108778
id_2278,2.0547437230846413
id_2279,2.1195540752231423
id_2280,1.3870323686334416
id_2281,1.6761853123595074
id_2282,2.370839869817118
id_2283,1.6036157913002782
id_2284,2.3978020240348776
id_2285,1.5813988638148437
id_2286,3.4921843166777755
id_2287,2.45976123174524
id_2288,1.4556106497320478
id_2289,2.191431634550966
id_2290,3.4247048803280293
id_2291,4.281556581060908
id_2292,2.0348987959516194
id_2293,2.9329854302764176
id_2294,1.9858362289018956
id_2295,1.530193743594097
id_2296,2.7368460620368715
id_2297,3.980422586738044
id_2298,1.742432196985309
id_2299,2.2082041040869953
id_2300,1.5013998807225022
id_2301,3.4126484611445846
id_2302,3.5471276955523905
id_2303,2.2067618959249984
id_2304,1.696472268874878
id_2305,2.3751162498510467
id_2306,4.126140566393488
id_2307,1.827344968138604
id_2308,2.2552606589107143
id_2309,1.9014945695417467
id_2310,1.244160589668713
id_2311,1.7823843547671814
id_2312,2.41299029362866
id_2313,1.8944210171753113
id_2314,1.7013073650805737
id_2315,1.9275540412003913
id_2316,1.3418789273204936
id_2317,2.5024054645542293
id_2318,1.6894867784721441
id_2319,2.4609557610352013
id_2320,2.2213153409459707
id_2321,1.4878099123021968
id_2322,2.2810575463241634
id_2323,1.693600394944042
id_2324,2.6024478545279734
id_2325,1.8082779590743314
id_2326,3.33791155838982
id_2327,2.092422453228327
id_2328,1.5943383358024654
id_2329,2.202636388329303
id_2330,4.635794787008194
id_2331,3.0935455996253687
id_2332,3.6417787095892358
id_2333,1.5953675996256003
id_2334,1.3951962355985188
id_2335,3.828068414491945
id_2336,1.915005730129522
id_2337,1.4384237236870092
id_2338,2.5067804381363743
id_2339,3.885653832389039
id_2340,4.301415704658012
id_2341,4.297225877895823
id_2342,4.462488069162536
id_2343,1.9567176978259582
id_2344,1.4257250060435283
id_2345,2.529215870843256
id_2346,2.090424670318317
id_2347,2.007137578478215
id_2348,2.1453684554625525
id_2349,3.0687664845045077
id_2350,1.9821316659450723
id_2351,1.5824617047631904
id_2352,4.454164396234269
id_2353,1.6113317555194584
id_2354,4.1922541282009895
id_2355,2.074475702058045
id_2356,2.925584813790639
id_2357,3.0873901344390617
id_2358,1.7831697293579154
id_2359,2.039439935500045
id_2360,3.426377380896895
id_2361,2.5921697003107234
id_2362,2.68875611473009
id_2363,2.263941107320367
id_2364,4.273760926669276
id_2365,4.74350939548242
id_2366,3.89044890472114
id_2367,2.4415603870115525
id_2368,2.388669639925901
id_2369,1.634285477231895
id_2370,2.921676964676461
id_2371,2.469746037901878
id_2372,4.585627675296426
id_2373,4.8103318823254355
id_2374,2.5519248709581817
id_2375,2.6578436866352746
id_2376,1.9930791351789168
id_2377,1.6641356999262236
id_2378,1.712965929932274
id_2379,2.7908442421717297
id_2380,2.5256065174524807
id_2381,3.4603558887545844
id_2382,1.6352740783034427
id_2383,1.7061259252356074
id_2384,4.191056381026279
id_2385,1.6943602751219942
id_2386,1.6027907408632274
id_2387,2.3243392145547723
id_2388,2.220585104762943
id_2389,2.092399801463415
id_2390,2.4697808200462568
id_2391,1.3024079044070795
id_2392,2.9076841269490323
id_2393,2.875335612900802
id_2394,1.6396022874000948
id_2395,2.349022233002003
id_2396,2.7963714146208467
id_2397,7.120935431803012
id_2398,3.0412375028749885
id_2399,2.6797130151260298
id_2400,4.179141219765647
id_2401,4.117576387770832
id_2402,2.5306880655915904
id_2403,2.6278815146134846
id_2404,2.1428305925918956
id_2405,1.6575926420178462
id_2406,1.8435982167760194
id_2407,2.349675347366979
id_2408,2.192817359457319
id_2409,4.423250919352036
id_2410,1.399944647327949
id_2411,2.114414711756499
id_2412,2.6002757959527933
id_2413,2.3140264037134095
id_2414,3.5857506978483116
id_2415,1.9445504725500378
id_2416,3.0265303577469282
id_2417,3.7553296429277054
id_2418,1.6376701878302384
id_2419,1.6339323612042875
id_2420,2.276539059838811
id_2421,3.916722074021049
id_2422,1.3024079044070795
id_2423,1.9260850510357699
id_2424,1.6076051176369859
id_2425,1.68494423199137
id_2426,5.064251273256907
id_2427,3.423411909528916
id_2428,1.765351536385836
id_2429,3.0527436896826856
id_2430,2.5568464233780333
id_2431,2.69127685904882
id_2432,1.2886398222318363
id_2433,2.511381258065999
id_2434,3.5093680376886915
id_2435,3.405162224335669
id_2436,3.3299067950341303
id_2437,2.873825094006648
id_2438,2.621937450085145
id_2439,4.177411479256843
id_2440,2.5194972061349006
id_2441,1.7521053062809848
id_2442,2.4765724825406963
id_2443,1.5119421609724135
id_2444,2.2973997258096723
id_2445,2.573287579369641
id_2446,1.4972872536079649
id_2447,2.2770880572753924
id_2448,2.295333555410835
id_2449,2.993662709778107
id_2450,3.4243605227325915
id_2451,3.82617270677817
id_2452,2.3107766203022493
id_2453,2.269169709582755
id_2454,2.4403796491529803
id_2455,2.1077011699301487
id_2456,2.1021817335647697
id_2457,2.237966263583278
id_2458,1.8838045427939676
id_2459,3.515873399281979
id_2460,1.3572236912077926
id_2461,2.6750628463480055
id_2462,1.6937588970168562
id_2463,1.9329681451212863
id_2464,2.630750155714516
id_2465,1.4257597721777557
id_2466,2.2829653690308405
id_2467,1.810101779768864
id_2468,2.106205207270733
id_2469,2.6434025248676463
id_2470,3.2006201867168684
id_2471,2.3125153653429606
id_2472,2.5761786930210526
id_2473,2.8605077835789636
id_2474,3.9973864150895437
id_2475,2.139565911479238
id_2476,2.62788966948456
id_2477,1.6362908662268048
id_2478,4.62366549642303
id_2479,2.386362807789368
id_2480,1.4354292016465848
id_2481,2.278949298058599
id_2482,1.7810547333060747
id_2483,1.7738317322710913
id_2484,1.9593037415819516
id_2485,2.3497082720947056
id_2486,2.7369770901483648
id_2487,2.3165268832626644
id_2488,1.2143826588916902
id_2489,2.503700051948357
id_2490,4.820580433901636
id_2491,3.542588591555756
id_2492,3.3600147703146135
id_2493,1.7699582697055547
id_2494,2.5269240535778685
id_2495,1.7981431313707894
id_2496,1.554988331569163
id_2497,2.5185491928925217
id_2498,2.5688319950502105
id_2499,1.8146432327577067
id_2500,4.185911747308278
id_2501,1.8900281385130384
id_2502,1.0647108015323212
id_2503,1.9146244517251958
id_2504,3.0576690217027434
id_2505,1.8637999814510877
id_2506,1.859882626774148
id_2507,1.575307005532835
id_2508,2.2118978599123764
id_2509,2.5695865528369524
id_2510,2.402338599550916
id_2511,1.2364238368152698
id_2512,2.1797878209500823
id_2513,0.9815894951803337
id_2514,2.664882327095164
id_2515,1.9076527026502461
id_2516,2.493436373946203
id_2517,2.088305510226583
id_2518,3.4266367851363455
id_2519,2.7094465112541712
id_2520,2.8238097079340605
id_2521,2.7333078855218282
id_2522,3.365919911356187
id_2523,1.7047018810947137
id_2524,2.416584098277692
id_2525,1.9006333073471424
id_2526,6.855504605320814
id_2527,1.8527554157734265
id_2528,2.632767958712158
id_2529,2.2222919568831756
id_2530,5.22705738471857
id_2531,3.183780912131162
id_2532,4.211126457168653
id_2533,2.230472261508311
id_2534,1.345074897308244
id_2535,2.6576619229213243
id_2536,2.2408257419542004
id_2537,1.782720360592215
id_2538,1.565888852402118
id_2539,3.856257090126718
id_2540,4.325194036605886
id_2541,2.4171274382727077
id_2542,4.483172801834193
id_2543,2.2240465223784085
id_2544,2.239956504042805
id_2545,1.8997724084136642
id_2546,1.459040895446293
id_2547,5.747098055822821
id_2548,2.7840169241593173
id_2549,2.852968737775406
id_2550,2.194122499481118
id_2551,1.2292811926632545
id_2552,1.617747500402718
id_2553,2.328165582079585
id_2554,4.890484177356882
id_2555,1.9674426033826364
id_2556,2.8054508526079047
id_2557,2.1927015299776365
id_2558,1.8765698267265236
id_2559,1.8843156758051833
id_2560,1.60345524143046
id_2561,2.8158815265596253
id_2562,3.1177251743520955
id_2563,1.8730420308973024
id_2564,2.6933850432511512
id_2565,2.50916210067534
id_2566,2.645541190121641
id_2567,1.9499656005770092
id_2568,3.253600869208917
id_2569,2.6355244836430636
id_2570,2.275800106699471
id_2571,2.578199329456311
id_2572,1.3501872030854507
id_2573,2.404334611856534
id_2574,1.6124956035512241
id_2575,2.077450187945054
id_2576,2.3582302587735953
id_2577,2.2291518063257314
id_2578,2.556665402937064
id_2579,3.1038816300014
id_2580,1.8552243253831797
id_2581,1.9647685024058248
id_2582,2.3372029621401182
id_2583,1.165713394107378
id_2584,1.8329968858823662
id_2585,1.4622551105876411
id_2586,2.291727383286073
id_2587,2.624772828553713
id_2588,1.905107999632797
id_2589,1.9808557471429573
id_2590,3.0399203326573385
id_2591,2.508785846495911
id_2592,1.5062168881931797
id_2593,2.350349865216735
id_2594,1.3757826011787984
id_2595,1.4341357341304146
id_2596,2.9085351496226046
id_2597,1.3053086548433406
id_2598,1.5928516008456057
id_2599,3.5289268989195364
id_2600,2.225455255525759
id_2601,1.7709169507395437
id_2602,3.035202161418681
id_2603,1.4381696729833564
id_2604,2.9709733641659213
id_2605,2.8147565885541503
id_2606,1.9982686024364682
id_2607,1.318017683032334
id_2608,2.9703410425855736
id_2609,1.9998591986128282
id_2610,3.2638175332442714
id_2611,2.073683147034881
id_2612,2.267672274554691
id_2613,2.1360859587006935
id_2614,4.362458860420826
id_2615,1.3791236000343545
id_2616,1.6274547647642876
id_2617,3.6631434546691324
id_2618,1.4594997832277343
id_2619,1.6978694161779941
id_2620,2.629598142751348
id_2621,2.140323973911091
id_2622,3.344850696801924
id_2623,2.5518709326435776
id_2624,2.8214578316247554
id_2625,2.586372592254058
id_2626,3.134907508049384
id_2627,1.8889327829672382
id_2628,2.3557696562741803
id_2629,3.4921461306099246
id_2630,2.48405418629833
id_2631,2.1339946072403357
id_2632,2.658708250873346
id_2633,2.7789524526610165
id_2634,3.809659052314821
id_2635,3.3293132954887525
id_2636,2.986493627738934
id_2637,1.8019596075965971
id_2638,2.2987303489041153
id_2639,3.998752847532657
id_2640,1.868515488712358
id_2641,1.8812182306985186
id_2642,2.358629869173207
id_2643,2.3367701249373383
id_2644,3.806906902769363
id_2645,2.2679240305237087
id_2646,2.996144155809141
id_2647,1.0870386432470553
id_2648,1.7853086836698502
id_2649,2.349534717952615
id_2650,1.3438593693207892
id_2651,1.4465777967184827
id_2652,1.710764470570993
id_2653,2.462240483543738
id_2654,2.0897787548472664
id_2655,2.893250364783004
id_2656,2.5215173902681727
id_2657,2.3412733284937985
id_2658,3.048990044660737
id_2659,2.249261070292359
id_2660,3.257107532326504
id_2661,2.3506227765515746
id_2662,2.414609223677598
id_2663,2.7272329096532992
id_2664,2.1738597097682515
id_2665,3.2524936059147187
id_2666,4.348691531343796
id_2667,3.740735222377438
id_2668,3.0573337306149213
id_2669,2.914812664830812
id_2670,2.9725594519247664
id_2671,2.581297924884101
id_2672,2.331855670541824
id_2673,2.9103166230208757
id_2674,2.1407006732074194
id_2675,1.6832886945342906
id_2676,1.7505565292163574
id_2677,2.1043573088510854
id_2678,2.067349246305099
id_2679,1.7907882564372635
id_2680,2.7333879909834735
id_2681,1.4343347780317615
id_2682,3.358742410656511
id_2683,0.9802173277842527
id_2684,2.915222702946025
id_2685,1.877506025200649
id_2686,1.6251595540185129
id_2687,2.6000792997242925
id_2688,2.271091559862434
id_2689,1.3474220261846668
id_2690,3.0562000335709385
id_2691,1.6298971991051445
id_2692,4.114306932188143
id_2693,2.8513531585473793
id_2694,1.9858051031467348
id_2695,5.169383247886358
id_2696,1.6820113011052555
id_2697,2.107196393529936
id_2698,2.3153917031206817
id_2699,2.172020805568309
id_2700,2.541042768822539
id_2701,3.8842544686751594
id_2702,3.2382385445161717
id_2703,2.1358533552149694
id_2704,3.117289962309286
id_2705,1.744602842593082
id_2706,2.468111162721126
id_2707,2.432368873275678
id_2708,3.2787253410735175
id_2709,2.1532090659487935
id_2710,2.391788074515489
id_2711,1.5994240063519953
id_2712,3.275361929010643
id_2713,4.528931697503886
id_2714,2.086769688575739
id_2715,3.209940587990758
id_2716,1.9046129531512115
id_2717,5.257320494932163
id_2718,3.071990976960741
id_2719,2.8850798165586014
id_2720,3.1406822515095456
id_2721,2.929600008978049
id_2722,1.7857071359011236
id_2723,2.1469001510092838
id_2724,2.2886406554605294
id_2725,3.4157252856889073
id_2726,4.310126223688492
id_2727,2.930968187787961
id_2728,2.9610966572046777
id_2729,2.0355325016157906
id_2730,2.824197622023558
id_2731,2.996807280081569
id_2732,2.0956503183543376
id_2733,1.80371716275598
id_2734,2.663832371238186
id_2735,2.51942109724229
id_2736,1.9161543885737622
id_2737,3.532216216320112
id_2738,2.226147109187025
id_2739,1.7407392077823651
id_2740,3.340990573784996
id_2741,1.90896405118799
id_2742,3.59532763287244
id_2743,4.152825762469554
id_2744,2.044364195815575
id_2745,1.3397584757556231
id_2746,1.8919969776531254
id_2747,2.327945877344021
id_2748,2.17351779823678
id_2749,3.031060286800109
id_2750,1.708043131029843
id_2751,2.9291227180161172
id_2752,3.5566278331545007
id_2753,2.256202419931178
id_2754,3.563814915636698
id_2755,2.6024965747269704
id_2756,1.68971200557111
id_2757,2.4973939486285595
id_2758,2.044505079829566
id_2759,1.6455332182286497
id_2760,1.9290092999684987
id_2761,2.2421174409566724
id_2762,1.8071445195233196
id_2763,5.694779244131539
id_2764,1.6509608758009584
id_2765,2.41270922092621
id_2766,2.5611014998933683
id_2767,2.1623209125078304
id_2768,3.340813295894307
id_2769,3.3596765991625226
id_2770,2.9659284107241746
id_2771,2.410193585230548
id_2772,3.168346335483953
id_2773,1.9680522806412526
id_2774,3.274372231265488
id_2775,1.5617657106718887
id_2776,2.4188903701619857
id_2777,1.4353222100623633
id_2778,3.353498155996551
id_2779,2.104350520758718
id_2780,4.449225999172789
id_2781,2.9870986118494898
id_2782,2.733480199729705
id_2783,3.59536591596164
id_2784,2.4391865645904005
id_2785,2.044278921741018
id_2786,2.966402197541676
id_2787,3.1098396579302943
id_2788,2.7683546331031472
id_2789,1.3125006927601817
id_2790,1.3453878989172736
id_2791,2.4013805756718014
id_2792,1.9704318964773577
id_2793,1.6669616321542335
id_2794,1.5083971531835196
id_2795,1.2285663577956143
id_2796,2.644885188280334
id_2797,1.9334097968189567
id_2798,1.6676335531210995
id_2799,2.230809404558965
id_2800,3.9486054324637543
id_2801,2.3332920824276826
id_2802,1.5847977155410362
id_2803,3.871575683010498
id_2804,3.688667278964118
id_2805,1.6745717001534004
id_2806,3.566979750155202
id_2807,2.791347974730403
id_2808,1.4000527693483065
id_2809,2.0729725408265267
id_2810,2.1094563581638965
id_2811,3.2893280532967992
id_2812,4.626448602227384
id_2813,2.4666635855617365
id_2814,2.019716558114581
id_2815,2.7382829793431185
id_2816,1.2297170973217995
id_2817,3.7101938945810495
id_2818,2.9730625899143206
id_2819,2.0539701688300944
id_2820,2.1961954441697955
id_2821,1.6639533475728818
id_2822,3.0395452895691335
id_2823,1.7545163019624184
id_2824,1.9913672166889747
id_2825,2.6968664184604165
id_2826,2.331404322532819
id_2827,6.487366515820124
id_2828,2.6989478384603416
id_2829,3.0310839471115614
id_2830,2.0253085573632887
id_2831,2.590332985607567
id_2832,1.4933838777012838
id_2833,2.490822298095523
id_2834,2.689435075502093
id_2835,3.5193333027230516
id_2836,3.0938726021210776
id_2837,2.3478264140880896
id_2838,1.7069424994001494
id_2839,3.456538365368033
id_2840,3.054000870725396
id_2841,3.8019878374299445
id_2842,1.6196357700549946
id_2843,1.3379221843793196
id_2844,2.7614181747140556
id_2845,1.712994129471678
id_2846,1.6676202415074783
id_2847,1.5658819332322267
id_2848,1.7556952723466246
id_2849,2.5163566798557113
id_2850,2.2169640146662353
id_2851,2.6755277785791236
id_2852,4.531951327824348
id_2853,2.400448348483426
id_2854,2.188189944595358
id_2855,1.4062166268898153
id_2856,2.780716291174109
id_2857,2.3996002616069347
id_2858,2.4669868180992083
id_2859,1.3283123235576895
id_2860,2.728228961218523
id_2861,1.4065460990326208
id_2862,2.819517573881349
id_2863,2.8353860110183646
id_2864,2.58517842775413
id_2865,2.5605386094759908
id_2866,4.5212670863079865
id_2867,1.9486630453677591
id_2868,2.4961735838856285
id_2869,2.001127216447742
id_2870,2.7245468757940934
id_2871,2.0184611878762233
id_2872,5.174664208499912
id_2873,1.6434966229616634
id_2874,2.0661749802551554
id_2875,1.4610248837371422
id_2876,2.1390065173139874
id_2877,2.9410586544121564
id_2878,1.72496140112748
id_2879,3.1182422273648847
